id,lastmod
Q57319,2022-11-28T12:57:05Z
Q57788,2022-12-09T13:25:49Z
Q58287,2022-10-19T22:27:39Z
Q160318,2022-11-30T08:59:10Z
Q1385794,2022-08-19T10:04:47Z
Q4922569,2022-12-05T01:47:38Z
Q4922790,2022-10-05T12:24:47Z
Q5069253,2022-10-05T10:39:41Z
Q5094851,2022-10-05T12:26:07Z
Q5764812,2022-10-05T11:55:13Z
Q5901400,2022-11-07T01:10:52Z
Q6382284,2022-09-04T17:16:22Z
Q6816221,2022-10-05T12:24:22Z
Q7638222,2022-12-09T13:26:42Z
Q7795953,2022-10-05T11:36:36Z
Q7833112,2022-10-05T11:49:09Z
Q7878253,2022-11-24T14:31:26Z
Q8053618,2022-10-05T12:22:56Z
Q16150274,2022-10-05T12:23:28Z
Q16190676,2022-11-24T14:31:27Z
Q16191229,2022-10-05T11:35:46Z
Q16864093,2022-10-05T12:25:25Z
Q16979822,2022-12-09T13:18:58Z
Q17523926,2022-10-05T12:24:05Z
Q22099925,2022-10-15T00:10:28Z
Q23711016,2022-10-05T11:48:39Z
Q23771428,2022-11-14T01:09:09Z
Q27119675,2022-09-04T02:34:57Z
Q28412157,2022-10-05T12:25:48Z
Q28969538,2022-11-14T02:44:26Z
Q54362350,2022-11-24T14:31:27Z
Q56223136,2022-10-05T12:23:41Z
Q56255440,2022-10-05T12:24:37Z
Q56886833,2020-11-14T17:23:13Z
Q59660308,2022-12-09T13:24:56Z
Q111574173,2022-10-09T09:33:06Z
Q111745856,2022-10-05T12:24:54Z
Q114418501,2022-10-05T12:26:16Z
Q114418571,2022-10-06T02:04:22Z
Q114418804,2022-10-05T12:25:03Z
Q114418806,2022-10-05T12:05:14Z
Q114418808,2022-10-05T12:05:14Z
Q114418809,2022-10-05T12:05:15Z
Q114418811,2022-10-06T02:04:22Z
Q114418813,2022-10-05T12:23:05Z
Q114605369,2022-11-28T13:28:51Z
